"","contrast","estimate","SE","df","z.ratio","p.value"
"1","A - B",-0.490956726572182,0.0786339423178533,Inf,-6.24357258583885,2.56496490713687e-09
"2","A - C",-0.80604411776031,0.0739493954378082,Inf,-10.8999419533889,3.83026943495679e-14
"3","A - D",-1.08046121675887,0.0711211602925485,Inf,-15.1918390014241,0
"4","B - C",-0.315087391188128,0.0629453412503167,Inf,-5.00573012917843,3.32025155003191e-06
"5","B - D",-0.589504490186691,0.0598206383729943,Inf,-9.85453358941117,3.8968828164343e-14
"6","C - D",-0.274417098998563,0.054118330130341,Inf,-5.07068674029012,2.36641423023709e-06
