"","treatment","emmean","SE","df","asymp.LCL","asymp.UCL"
"1","A",2.19182077280429,0.0616048575294504,Inf,2.07107747077384,2.31256407483473
"2","B",2.68277749937647,0.0480722690739481,Inf,2.58855758333641,2.77699741541652
"3","C",2.9978648905646,0.0407846593085348,Inf,2.91792842719813,3.07780135393106
"4","D",3.27228198956316,0.0355680326217422,Inf,3.2025699266236,3.34199405250272
